best_loss,iteration,loss,timepoint,tuna
39539.73164808392,1,39539.73164808392,5.0,bohb
29656.383257009595,2,29656.383257009595,10.0,bohb
29656.383257009595,3,30264.86395265437,30.0,bohb
29656.383257009595,4,57465.870161711886,40.0,bohb
28613.961921224432,5,28613.961921224432,65.0,bohb
27182.14101672899,6,27182.14101672899,75.0,bohb
27182.14101672899,7,27923.806028402407,75.0,bohb
27182.14101672899,8,32702.907540053086,80.0,bohb
27182.14101672899,9,27295.687584949344,85.0,bohb
27182.14101672899,10,33726.97323179572,95.0,bohb
27182.14101672899,11,32841.28814008594,100.0,bohb
27182.14101672899,12,29810.4871824896,110.0,bohb
27182.14101672899,13,31592.216745973656,115.0,bohb
25030.919119192768,14,25030.919119192768,115.0,bohb
25030.919119192768,15,31392.440487586984,120.0,bohb
25030.919119192768,16,30056.742839807182,130.0,bohb
25030.919119192768,17,29406.021354919747,140.0,bohb
25030.919119192768,18,31351.795080998574,140.0,bohb
25030.919119192768,19,25592.72870360169,145.0,bohb
25030.919119192768,20,27506.351768119595,155.0,bohb
23144.575377313893,21,23144.575377313893,160.0,bohb
23144.575377313893,22,24806.028214365328,165.0,bohb
23144.575377313893,23,32101.025689944414,165.0,bohb
23144.575377313893,24,27332.429678435718,175.0,bohb
23144.575377313893,25,25079.528397452006,180.0,bohb
23144.575377313893,26,30849.992042074984,185.0,bohb
23144.575377313893,27,27687.55030992935,190.0,bohb
23144.575377313893,28,27059.74820886712,195.0,bohb
23144.575377313893,29,30386.94948802074,200.0,bohb
23144.575377313893,30,30062.74850623237,205.0,bohb
23144.575377313893,31,24842.93296463013,210.0,bohb
23144.575377313893,32,28353.832958953608,215.0,bohb
23144.575377313893,33,24216.542489609186,220.0,bohb
23144.575377313893,34,31204.802166536556,225.0,bohb
23144.575377313893,35,27147.067712300908,235.0,bohb
23144.575377313893,36,28755.90905316352,240.0,bohb
23144.575377313893,37,27298.74714310437,245.0,bohb
23144.575377313893,38,31374.78598277928,245.0,bohb
23144.575377313893,39,23770.42488541056,255.0,bohb
23144.575377313893,40,23378.76990433159,265.0,bohb
23144.575377313893,41,24882.424167515568,270.0,bohb
23144.575377313893,42,35003.41861229186,270.0,bohb
23144.575377313893,43,23290.404288589107,280.0,bohb
23144.575377313893,44,29484.150450977955,300.0,bohb
23144.575377313893,45,28525.862340837768,305.0,bohb
23144.575377313893,46,25251.622896745033,315.0,bohb
22539.340818725534,47,22539.340818725534,320.0,bohb
22539.340818725534,48,24110.44911485393,330.0,bohb
22539.340818725534,49,51013.614673764714,340.0,bohb
22539.340818725534,50,27685.362591399684,345.0,bohb
22539.340818725534,51,24720.634510565626,355.0,bohb
22539.340818725534,52,23460.149901660312,360.0,bohb
22539.340818725534,53,26027.71661188229,370.0,bohb
22539.340818725534,54,29713.639267407383,375.0,bohb
21258.22573768324,55,21258.22573768324,380.0,bohb
21258.22573768324,56,22025.5128884058,380.0,bohb
21258.22573768324,57,32845.57895572768,385.0,bohb
21258.22573768324,58,24388.29676353187,390.0,bohb
21258.22573768324,59,59187.480446395886,395.0,bohb
21258.22573768324,60,28855.449804836317,420.0,bohb
21258.22573768324,61,33661.008280077236,435.0,bohb
21258.22573768324,62,25110.55698609751,440.0,bohb
21258.22573768324,63,29915.326239947182,445.0,bohb
21258.22573768324,64,31712.83228691614,450.0,bohb
21258.22573768324,65,30741.289016478175,460.0,bohb
20653.97402378048,66,20653.97402378048,465.0,bohb
20653.97402378048,67,22975.560608294214,470.0,bohb
20653.97402378048,68,34149.820415402886,485.0,bohb
20653.97402378048,69,23455.507812223208,490.0,bohb
20653.97402378048,70,25599.600988339298,495.0,bohb
20653.97402378048,71,30168.706929668453,505.0,bohb
20653.97402378048,72,36950.88812206853,510.0,bohb
20653.97402378048,73,22977.03616722168,515.0,bohb
20653.97402378048,74,28165.86809418085,520.0,bohb
20653.97402378048,75,33259.67860689253,530.0,bohb
20653.97402378048,76,26688.449376290733,535.0,bohb
20653.97402378048,77,23194.514202206163,540.0,bohb
20653.97402378048,78,22716.700894791735,545.0,bohb
20653.97402378048,79,25727.53241801018,550.0,bohb
20653.97402378048,80,22046.56788574703,550.0,bohb
20527.016333817268,81,20527.016333817268,555.0,bohb
20527.016333817268,82,25383.553910901064,560.0,bohb
20527.016333817268,83,30827.49945766779,575.0,bohb
20527.016333817268,84,30637.700128787343,580.0,bohb
20527.016333817268,85,24818.11058349744,585.0,bohb
20527.016333817268,86,31831.07375288513,590.0,bohb
20527.016333817268,87,26660.072146279257,590.0,bohb
20527.016333817268,88,31405.386284548065,600.0,bohb
20527.016333817268,89,26507.93042512916,610.0,bohb
20527.016333817268,90,26817.418198777446,615.0,bohb
20527.016333817268,91,43447.04294740683,625.0,bohb
20527.016333817268,92,35171.95015683857,630.0,bohb
20527.016333817268,93,24690.258676689282,635.0,bohb
20527.016333817268,94,24200.632599547465,640.0,bohb
20527.016333817268,95,23204.981845239912,640.0,bohb
20527.016333817268,96,20944.07838178758,645.0,bohb
20527.016333817268,97,24769.210154214747,655.0,bohb
20527.016333817268,98,23909.23039748673,660.0,bohb
20527.016333817268,99,25631.543449073222,665.0,bohb
20527.016333817268,100,27038.14202076796,675.0,bohb
20527.016333817268,101,49939.21619451261,675.0,bohb
20527.016333817268,102,26223.664168317897,680.0,bohb
20527.016333817268,103,25413.069346008244,685.0,bohb
19294.400914230777,104,19294.400914230777,690.0,bohb
19294.400914230777,105,21172.893698952616,695.0,bohb
19294.400914230777,106,25004.66817164313,705.0,bohb
19294.400914230777,107,20054.050619407557,710.0,bohb
19294.400914230777,108,21262.9678109294,715.0,bohb
19294.400914230777,109,21853.89326434771,715.0,bohb
19294.400914230777,110,22361.41415301933,720.0,bohb
18160.458084625086,111,18160.458084625086,725.0,bohb
18160.458084625086,112,28695.424661483197,730.0,bohb
18160.458084625086,113,36401.23816865502,740.0,bohb
18160.458084625086,114,20194.211787847296,745.0,bohb
18160.458084625086,115,26319.542437980792,750.0,bohb
18160.458084625086,116,23783.584023115254,755.0,bohb
18160.458084625086,117,33810.698857388365,755.0,bohb
18160.458084625086,118,28079.52156780227,760.0,bohb
18160.458084625086,119,19131.639764189942,765.0,bohb
18160.458084625086,120,21250.45593957628,770.0,bohb
18160.458084625086,121,19428.151151053607,775.0,bohb
18160.458084625086,122,20902.879440736422,780.0,bohb
18160.458084625086,123,23735.76757860207,785.0,bohb
18160.458084625086,124,24163.21186855287,790.0,bohb
18160.458084625086,125,23507.389898282945,795.0,bohb
18160.458084625086,126,36054.970269405465,805.0,bohb
18160.458084625086,127,22678.355936922027,810.0,bohb
18160.458084625086,128,28796.941502755988,820.0,bohb
18160.458084625086,129,20645.294251876192,825.0,bohb
18160.458084625086,130,26227.559194601174,830.0,bohb
18160.458084625086,131,21198.99760122412,835.0,bohb
18160.458084625086,132,18976.828986466568,840.0,bohb
18160.458084625086,133,23242.30077562151,845.0,bohb
18160.458084625086,134,29495.782599648148,850.0,bohb
18160.458084625086,135,25847.416771727923,855.0,bohb
18160.458084625086,136,22897.92543989296,860.0,bohb
18160.458084625086,137,22494.05220254345,865.0,bohb
18160.458084625086,138,29459.653110206087,870.0,bohb
18160.458084625086,139,24518.2604261848,875.0,bohb
18160.458084625086,140,21870.71882829328,880.0,bohb
18160.458084625086,141,23823.19543884276,885.0,bohb
18160.458084625086,142,21213.81539473317,890.0,bohb
18160.458084625086,143,23999.16137849688,895.0,bohb
18160.458084625086,144,20921.769233176947,900.0,bohb
18160.458084625086,145,28826.432086402474,900.0,bohb
18160.458084625086,146,21576.54480379002,910.0,bohb
18160.458084625086,147,23008.26760179099,915.0,bohb
15583.7854341055,148,15583.7854341055,920.0,bohb
15583.7854341055,149,20430.82252301817,925.0,bohb
15583.7854341055,150,25587.40814041304,930.0,bohb
15583.7854341055,151,25475.37233925354,930.0,bohb
15583.7854341055,152,29154.36428989666,935.0,bohb
15583.7854341055,153,34476.36400785004,945.0,bohb
15583.7854341055,154,31727.72645888496,965.0,bohb
15583.7854341055,155,28741.97638895207,985.0,bohb
15583.7854341055,156,24116.00972835585,990.0,bohb
15583.7854341055,157,31286.34295564533,995.0,bohb
15583.7854341055,158,21306.338916875407,1000.0,bohb
15583.7854341055,159,30027.37660827189,1015.0,bohb
15583.7854341055,160,29998.354757866,1020.0,bohb
15583.7854341055,161,21943.57533997884,1025.0,bohb
15583.7854341055,162,21483.438024070958,1030.0,bohb
15583.7854341055,163,24844.58170305376,1035.0,bohb
15583.7854341055,164,21826.523307690608,1040.0,bohb
15583.7854341055,165,22401.763614590032,1045.0,bohb
15583.7854341055,166,30750.22002606288,1055.0,bohb
15583.7854341055,167,21973.725715596887,1060.0,bohb
15583.7854341055,168,25210.636240365617,1065.0,bohb
15583.7854341055,169,25791.87786336081,1065.0,bohb
15583.7854341055,170,24845.45657543566,1070.0,bohb
15583.7854341055,171,20353.987550862486,1075.0,bohb
15583.7854341055,172,30671.673828638228,1085.0,bohb
15583.7854341055,173,29393.110846118165,1095.0,bohb
15583.7854341055,174,21737.363753825983,1100.0,bohb
15583.7854341055,175,25594.77898238604,1105.0,bohb
15583.7854341055,176,20914.38465760051,1110.0,bohb
15583.7854341055,177,26998.52015077301,1110.0,bohb
15583.7854341055,178,23440.800129767027,1115.0,bohb
15583.7854341055,179,26983.939478218857,1120.0,bohb
15583.7854341055,180,21194.260534724366,1125.0,bohb
15583.7854341055,181,27946.60204533558,1135.0,bohb
15583.7854341055,182,23915.486853294708,1140.0,bohb
15583.7854341055,183,28708.80417587817,1145.0,bohb
15583.7854341055,184,25906.832490851226,1150.0,bohb
15583.7854341055,185,19733.710778087832,1155.0,bohb
15583.7854341055,186,21492.672089178264,1160.0,bohb
15583.7854341055,187,24880.313640371685,1165.0,bohb
15583.7854341055,188,24926.707285477,1170.0,bohb
15583.7854341055,189,26321.47382099436,1175.0,bohb
15583.7854341055,190,29378.576000232588,1185.0,bohb
15583.7854341055,191,32214.439894763287,1200.0,bohb
15583.7854341055,192,27399.699495516732,1205.0,bohb
15583.7854341055,193,29432.712420223612,1225.0,bohb
15583.7854341055,194,32435.190578247548,1235.0,bohb
15583.7854341055,195,23129.029044952375,1240.0,bohb
15583.7854341055,196,25135.71755229981,1245.0,bohb
15583.7854341055,197,23845.918488552168,1250.0,bohb
15583.7854341055,198,23447.89604864929,1260.0,bohb
15583.7854341055,199,22252.87867909593,1260.0,bohb
15583.7854341055,200,22869.748940798403,1270.0,bohb
29684.702845828462,1,29684.702845828462,5.0,optuna
23478.344703989067,2,23478.344703989067,5.0,optuna
23478.344703989067,3,29353.524397332905,10.0,optuna
23478.344703989067,4,34635.41365543331,25.0,optuna
23478.344703989067,5,28534.598335583287,40.0,optuna
23478.344703989067,6,30383.955536344405,45.0,optuna
23478.344703989067,7,26367.103596518453,50.0,optuna
23478.344703989067,8,27302.82531080388,55.0,optuna
23478.344703989067,9,26370.435330038403,60.0,optuna
23401.99682306433,10,23401.99682306433,65.0,optuna
23401.99682306433,11,40758.680935526936,70.0,optuna
23401.99682306433,12,34964.85421193424,90.0,optuna
23401.99682306433,13,29081.107085164043,95.0,optuna
23401.99682306433,14,27751.2521768252,100.0,optuna
23401.99682306433,15,24445.916870879577,115.0,optuna
23401.99682306433,16,30559.774270945578,120.0,optuna
23401.99682306433,17,32251.19205231985,120.0,optuna
23401.99682306433,18,33136.59962163298,135.0,optuna
21760.042999995727,19,21760.042999995727,140.0,optuna
21760.042999995727,20,29855.19081428,145.0,optuna
21760.042999995727,21,26949.370155411256,155.0,optuna
21760.042999995727,22,22284.35118067499,155.0,optuna
21722.730274872927,23,21722.730274872927,160.0,optuna
21722.730274872927,24,35423.64183246545,165.0,optuna
20931.068738009842,25,20931.068738009842,165.0,optuna
20931.068738009842,26,25721.469985472948,175.0,optuna
20931.068738009842,27,32614.995687403698,175.0,optuna
20931.068738009842,28,25459.82327218768,180.0,optuna
20256.0384646274,29,20256.0384646274,185.0,optuna
20256.0384646274,30,29308.452331078573,190.0,optuna
20256.0384646274,31,28385.538689368837,195.0,optuna
20256.0384646274,32,22668.1050011254,200.0,optuna
20256.0384646274,33,23096.180635055985,200.0,optuna
20256.0384646274,34,29694.081115501915,205.0,optuna
20256.0384646274,35,20561.110417455515,210.0,optuna
20256.0384646274,36,30448.14520877873,210.0,optuna
20256.0384646274,37,20659.82411889045,215.0,optuna
20256.0384646274,38,28358.307267379703,220.0,optuna
20256.0384646274,39,27729.83584880396,220.0,optuna
20256.0384646274,40,22487.17895082464,225.0,optuna
20256.0384646274,41,24986.223069646578,225.0,optuna
20256.0384646274,42,22640.45359699308,230.0,optuna
20256.0384646274,43,23281.299608408346,235.0,optuna
20256.0384646274,44,23702.488617142404,240.0,optuna
20256.0384646274,45,23169.27858514505,240.0,optuna
20256.0384646274,46,23051.42304640605,245.0,optuna
20256.0384646274,47,35019.74287212182,245.0,optuna
20256.0384646274,48,23589.845299169883,250.0,optuna
20256.0384646274,49,27786.667297420707,255.0,optuna
20256.0384646274,50,26682.42156248353,260.0,optuna
20256.0384646274,51,27034.935003826977,265.0,optuna
20256.0384646274,52,21251.8414606265,265.0,optuna
20256.0384646274,53,24475.804368296045,270.0,optuna
20256.0384646274,54,24618.62961141845,275.0,optuna
20256.0384646274,55,30987.790314636437,280.0,optuna
20256.0384646274,56,24203.117879840083,280.0,optuna
20256.0384646274,57,26160.936553517065,290.0,optuna
20256.0384646274,58,26252.5272231458,295.0,optuna
20256.0384646274,59,26949.69873865928,295.0,optuna
20256.0384646274,60,29593.264693045894,300.0,optuna
20256.0384646274,61,28971.225696831756,305.0,optuna
20256.0384646274,62,22637.325941741656,310.0,optuna
20256.0384646274,63,24024.102918542558,310.0,optuna
20256.0384646274,64,23873.179096938682,315.0,optuna
20256.0384646274,65,24809.983581694432,320.0,optuna
20256.0384646274,66,28571.91086376433,325.0,optuna
20256.0384646274,67,25977.403564611373,330.0,optuna
19793.99357598709,68,19793.99357598709,330.0,optuna
19793.99357598709,69,25524.96197602784,335.0,optuna
19793.99357598709,70,35442.37552368246,340.0,optuna
19793.99357598709,71,31494.52832766871,340.0,optuna
19793.99357598709,72,20740.13169575272,345.0,optuna
19793.99357598709,73,20481.02466879424,350.0,optuna
19793.99357598709,74,20679.512020616887,355.0,optuna
19793.99357598709,75,23285.41182998669,355.0,optuna
19793.99357598709,76,25522.95924867342,360.0,optuna
19793.99357598709,77,21672.615278870933,365.0,optuna
19793.99357598709,78,29926.541382343425,370.0,optuna
19793.99357598709,79,26750.241775359733,370.0,optuna
19793.99357598709,80,24031.189881891645,375.0,optuna
19793.99357598709,81,26001.30204953734,380.0,optuna
18210.436775854618,82,18210.436775854618,385.0,optuna
18210.436775854618,83,18567.409456408368,385.0,optuna
18210.436775854618,84,25606.612399199745,390.0,optuna
18210.436775854618,85,20928.83124956604,395.0,optuna
18210.436775854618,86,24536.92055086284,400.0,optuna
18210.436775854618,87,24736.30923460641,405.0,optuna
18210.436775854618,88,31532.31284630916,410.0,optuna
18210.436775854618,89,18973.703672894742,410.0,optuna
18210.436775854618,90,29338.75690424649,420.0,optuna
18210.436775854618,91,25023.460750456048,420.0,optuna
18210.436775854618,92,19406.031930508936,425.0,optuna
18210.436775854618,93,20399.13313095037,425.0,optuna
18210.436775854618,94,22171.44318110528,430.0,optuna
18210.436775854618,95,22115.425403030484,435.0,optuna
18210.436775854618,96,27849.538571478868,435.0,optuna
18210.436775854618,97,27687.82027962108,440.0,optuna
18210.436775854618,98,28570.561681455845,445.0,optuna
18210.436775854618,99,28041.940406743848,445.0,optuna
18210.436775854618,100,28117.1424690204,450.0,optuna
18210.436775854618,101,28007.647821843744,455.0,optuna
18210.436775854618,102,20084.637344268387,455.0,optuna
18210.436775854618,103,20363.206436114742,460.0,optuna
18210.436775854618,104,21360.57882351643,465.0,optuna
18210.436775854618,105,22858.087258827134,465.0,optuna
18210.436775854618,106,24699.893990676024,470.0,optuna
18210.436775854618,107,26536.262472812832,470.0,optuna
18210.436775854618,108,37426.41792176429,475.0,optuna
18210.436775854618,109,34097.26982673452,475.0,optuna
18210.436775854618,110,31573.3571323088,480.0,optuna
18210.436775854618,111,20600.637828208502,485.0,optuna
18210.436775854618,112,19453.05742199195,485.0,optuna
18210.436775854618,113,20012.1450921065,490.0,optuna
18210.436775854618,114,21799.809077637907,490.0,optuna
18210.436775854618,115,20732.50744789901,495.0,optuna
18210.436775854618,116,22332.263086875035,500.0,optuna
18210.436775854618,117,25079.5776945164,500.0,optuna
18210.436775854618,118,25190.355686564933,505.0,optuna
18210.436775854618,119,19787.327177478423,505.0,optuna
18210.436775854618,120,20590.758264060845,510.0,optuna
18210.436775854618,121,21685.804578014424,515.0,optuna
18210.436775854618,122,20915.6544229131,520.0,optuna
18210.436775854618,123,25429.298992851505,520.0,optuna
15726.837147490569,124,15726.837147490569,525.0,optuna
15726.837147490569,125,19341.0047237242,530.0,optuna
15726.837147490569,126,24516.6120682306,530.0,optuna
15726.837147490569,127,24022.758375790905,535.0,optuna
15726.837147490569,128,18713.632072097174,540.0,optuna
15726.837147490569,129,23587.08925881917,540.0,optuna
15726.837147490569,130,17606.559190096476,545.0,optuna
15726.837147490569,131,17107.37115959732,550.0,optuna
15726.837147490569,132,18191.94767900122,550.0,optuna
15726.837147490569,133,19388.76254171261,555.0,optuna
15726.837147490569,134,27164.32036801246,560.0,optuna
15726.837147490569,135,19208.41637408917,560.0,optuna
15726.837147490569,136,21346.95659094197,565.0,optuna
15726.837147490569,137,22951.703175234503,565.0,optuna
15726.837147490569,138,18814.234114993124,570.0,optuna
15726.837147490569,139,17923.90424225594,575.0,optuna
15726.837147490569,140,18131.271166581144,575.0,optuna
15726.837147490569,141,20155.71184521311,580.0,optuna
15726.837147490569,142,19761.480801086407,585.0,optuna
15726.837147490569,143,19814.38990745359,585.0,optuna
15726.837147490569,144,24481.619132602358,590.0,optuna
15726.837147490569,145,27514.75851806123,595.0,optuna
15726.837147490569,146,20319.555430168046,595.0,optuna
15726.837147490569,147,27201.909179525424,600.0,optuna
15726.837147490569,148,21498.2164359538,600.0,optuna
15726.837147490569,149,26709.985686848184,605.0,optuna
15726.837147490569,150,25774.79726031793,610.0,optuna
15726.837147490569,151,23594.239534891192,610.0,optuna
15726.837147490569,152,20614.64366775313,615.0,optuna
15726.837147490569,153,19002.592869118544,620.0,optuna
15726.837147490569,154,20607.11257078325,620.0,optuna
15726.837147490569,155,23124.67038995938,625.0,optuna
15726.837147490569,156,21941.06993592199,630.0,optuna
15726.837147490569,157,17090.704595990726,630.0,optuna
15726.837147490569,158,31669.533108199263,635.0,optuna
15726.837147490569,159,63735.49331704419,645.0,optuna
15726.837147490569,160,25877.134762035254,645.0,optuna
15726.837147490569,161,21468.890802921724,650.0,optuna
15726.837147490569,162,20933.910077135966,655.0,optuna
15726.837147490569,163,26995.88573180497,655.0,optuna
15726.837147490569,164,19462.310164634462,660.0,optuna
15726.837147490569,165,19018.086251438795,665.0,optuna
15726.837147490569,166,19679.311014068368,665.0,optuna
15726.837147490569,167,19839.322422737623,670.0,optuna
15726.837147490569,168,19074.618585416905,675.0,optuna
15726.837147490569,169,19894.43983208435,675.0,optuna
15726.837147490569,170,30079.598462693324,680.0,optuna
15726.837147490569,171,26027.659045837183,685.0,optuna
15726.837147490569,172,18294.819676376137,685.0,optuna
15726.837147490569,173,24615.528227239483,690.0,optuna
15726.837147490569,174,18794.424040052487,695.0,optuna
15726.837147490569,175,21207.3397035272,695.0,optuna
15726.837147490569,176,18831.04040114081,700.0,optuna
15726.837147490569,177,23340.94174184415,700.0,optuna
15726.837147490569,178,23065.66707127592,705.0,optuna
15726.837147490569,179,26400.63547333244,710.0,optuna
15726.837147490569,180,22838.335951657125,710.0,optuna
15726.837147490569,181,25391.243635954204,715.0,optuna
15726.837147490569,182,19877.39867961373,720.0,optuna
15726.837147490569,183,20610.41885607116,720.0,optuna
15726.837147490569,184,21567.575084206208,725.0,optuna
15726.837147490569,185,19712.847362736666,730.0,optuna
15726.837147490569,186,25798.935264671207,730.0,optuna
15726.837147490569,187,19635.610350763225,735.0,optuna
15726.837147490569,188,29469.224066255938,735.0,optuna
15726.837147490569,189,26691.44891028888,740.0,optuna
15726.837147490569,190,19949.959615169217,745.0,optuna
15726.837147490569,191,19515.11377816068,745.0,optuna
15726.837147490569,192,20902.07137625629,750.0,optuna
15726.837147490569,193,18761.41670893941,755.0,optuna
15726.837147490569,194,18545.0700031042,755.0,optuna
15726.837147490569,195,21615.371874915985,760.0,optuna
15726.837147490569,196,22930.507027540567,765.0,optuna
15726.837147490569,197,20831.143019494342,765.0,optuna
15726.837147490569,198,17234.958927195505,770.0,optuna
15726.837147490569,199,22642.384722273648,775.0,optuna
15726.837147490569,200,25212.679127813808,775.0,optuna
28787.093222296,1,28787.093222296,5.0,rs
28787.093222296,2,35749.63344291092,15.0,rs
22803.483404796138,3,22803.483404796138,20.0,rs
22803.483404796138,4,25969.40828814941,30.0,rs
22803.483404796138,5,29828.486696084594,45.0,rs
22803.483404796138,6,31974.510508895517,60.0,rs
22803.483404796138,7,29920.97442835268,70.0,rs
22803.483404796138,8,30866.433445339502,75.0,rs
22803.483404796138,9,28537.72530773087,85.0,rs
22803.483404796138,10,31185.645191512103,95.0,rs
22803.483404796138,11,26812.951519227267,105.0,rs
22226.56597465121,12,22226.56597465121,110.0,rs
22226.56597465121,13,24853.28507610157,115.0,rs
22226.56597465121,14,26341.441307633726,120.0,rs
22226.56597465121,15,29434.374865996382,130.0,rs
22226.56597465121,16,65749.16737769746,135.0,rs
22226.56597465121,17,29376.82713318041,145.0,rs
22226.56597465121,18,28587.896553511873,145.0,rs
22226.56597465121,19,29698.46724083817,170.0,rs
22226.56597465121,20,29474.535847609786,175.0,rs
22226.56597465121,21,29279.35062957545,180.0,rs
22226.56597465121,22,31959.389045708514,190.0,rs
22226.56597465121,23,31965.87413199088,200.0,rs
22226.56597465121,24,36240.52637136239,210.0,rs
22226.56597465121,25,29954.75783390853,215.0,rs
22226.56597465121,26,29457.03831266667,225.0,rs
22226.56597465121,27,33042.735663340856,230.0,rs
22226.56597465121,28,33774.40882365377,235.0,rs
22226.56597465121,29,26441.508727184955,245.0,rs
22226.56597465121,30,26837.7589319511,250.0,rs
22226.56597465121,31,28648.09728429417,255.0,rs
22226.56597465121,32,33685.87623152523,260.0,rs
22226.56597465121,33,26602.70551625076,270.0,rs
22226.56597465121,34,32203.53830242933,285.0,rs
22226.56597465121,35,27996.12952641648,290.0,rs
22226.56597465121,36,31102.123610595718,290.0,rs
22226.56597465121,37,28968.022917796407,295.0,rs
22226.56597465121,38,25133.57374646158,305.0,rs
22226.56597465121,39,25707.212400342367,310.0,rs
22226.56597465121,40,29518.845451717552,330.0,rs
22226.56597465121,41,28796.198414304665,335.0,rs
22226.56597465121,42,31467.02370411604,340.0,rs
22226.56597465121,43,29200.919792799938,350.0,rs
22226.56597465121,44,31413.724495062528,355.0,rs
22226.56597465121,45,37207.53685832619,355.0,rs
22226.56597465121,46,29260.747501319423,365.0,rs
22226.56597465121,47,28851.95811965275,375.0,rs
22226.56597465121,48,28110.857017981056,385.0,rs
22226.56597465121,49,30050.67472753465,390.0,rs
22226.56597465121,50,32815.658626486584,395.0,rs
22226.56597465121,51,30815.709020937218,400.0,rs
22226.56597465121,52,31625.414402015682,415.0,rs
22226.56597465121,53,27685.042817439302,420.0,rs
22226.56597465121,54,35800.67819252604,425.0,rs
22226.56597465121,55,31100.55547676704,435.0,rs
22226.56597465121,56,31186.92883017501,455.0,rs
22226.56597465121,57,33516.80085767056,460.0,rs
22226.56597465121,58,26731.23209638309,470.0,rs
22226.56597465121,59,29493.4947459486,490.0,rs
22226.56597465121,60,30503.7762814338,495.0,rs
22226.56597465121,61,29509.263188743662,505.0,rs
22226.56597465121,62,32913.79975658163,520.0,rs
22226.56597465121,63,35279.40901234147,525.0,rs
22226.56597465121,64,31507.19522050036,535.0,rs
22226.56597465121,65,27453.92675438464,540.0,rs
22226.56597465121,66,29036.871180649745,545.0,rs
22226.56597465121,67,36515.250306331945,555.0,rs
22226.56597465121,68,30607.25943995868,565.0,rs
22226.56597465121,69,27171.844125609434,570.0,rs
22226.56597465121,70,30274.33260228442,575.0,rs
22226.56597465121,71,32418.060512525473,585.0,rs
22226.56597465121,72,29706.19052719284,590.0,rs
22226.56597465121,73,30195.882352091405,595.0,rs
22226.56597465121,74,23598.957827849048,605.0,rs
22226.56597465121,75,23196.60347230003,610.0,rs
22226.56597465121,76,29438.225147581317,615.0,rs
22226.56597465121,77,31344.01181864913,625.0,rs
22226.56597465121,78,33482.456297273246,630.0,rs
22226.56597465121,79,34574.70908712644,640.0,rs
22226.56597465121,80,29816.281763488965,650.0,rs
22226.56597465121,81,33096.36484861252,660.0,rs
22226.56597465121,82,26921.8460635418,675.0,rs
22226.56597465121,83,30698.92676908166,680.0,rs
22226.56597465121,84,37526.95134337073,690.0,rs
22226.56597465121,85,32368.978207939224,695.0,rs
22226.56597465121,86,27661.44759591581,705.0,rs
22226.56597465121,87,29385.699125914696,710.0,rs
22226.56597465121,88,28252.363194698213,720.0,rs
22226.56597465121,89,32027.94049591165,720.0,rs
22226.56597465121,90,30532.764480541427,735.0,rs
22226.56597465121,91,32655.27896811764,750.0,rs
22226.56597465121,92,28644.152106586742,750.0,rs
22226.56597465121,93,26214.090191105908,755.0,rs
22226.56597465121,94,30570.344195622325,765.0,rs
22226.56597465121,95,33004.227284736975,770.0,rs
22226.56597465121,96,30795.861325495425,795.0,rs
22226.56597465121,97,29129.997795777792,805.0,rs
22226.56597465121,98,30101.96834707936,815.0,rs
22226.56597465121,99,28758.49570085563,820.0,rs
22226.56597465121,100,27644.945371063797,825.0,rs
22226.56597465121,101,31717.07073526564,850.0,rs
22226.56597465121,102,28866.11260970536,855.0,rs
22226.56597465121,103,33455.427184461485,870.0,rs
22226.56597465121,104,36585.842522632185,880.0,rs
22226.56597465121,105,27599.93682783085,880.0,rs
22226.56597465121,106,33465.334247729974,890.0,rs
22226.56597465121,107,34333.75237081562,900.0,rs
22226.56597465121,108,31070.47475065388,905.0,rs
22226.56597465121,109,28344.02028944676,915.0,rs
22226.56597465121,110,30378.04014833675,925.0,rs
22226.56597465121,111,36901.5122873711,930.0,rs
22226.56597465121,112,28944.12626330841,935.0,rs
22226.56597465121,113,29947.483225214262,945.0,rs
22226.56597465121,114,25534.848017192133,950.0,rs
22226.56597465121,115,29805.340015531274,955.0,rs
22226.56597465121,116,23398.643680065063,965.0,rs
22226.56597465121,117,31877.427314585933,970.0,rs
22226.56597465121,118,27651.316653931044,980.0,rs
22226.56597465121,119,30921.412061096784,990.0,rs
22226.56597465121,120,28097.126814837004,995.0,rs
22226.56597465121,121,29858.32801269485,1000.0,rs
22226.56597465121,122,58222.00356428548,1020.0,rs
22226.56597465121,123,23565.15772305565,1025.0,rs
22226.56597465121,124,31155.039344953067,1035.0,rs
22226.56597465121,125,32418.40976157593,1035.0,rs
22226.56597465121,126,35522.955497064635,1040.0,rs
22226.56597465121,127,25914.31286958073,1045.0,rs
22226.56597465121,128,29823.38342114855,1050.0,rs
22226.56597465121,129,29537.358521026283,1060.0,rs
22226.56597465121,130,27139.832513634687,1065.0,rs
22226.56597465121,131,29160.69671722942,1075.0,rs
22226.56597465121,132,31012.201455697064,1085.0,rs
22226.56597465121,133,31116.340344480468,1095.0,rs
22226.56597465121,134,28946.488768112984,1105.0,rs
22226.56597465121,135,30188.148785441026,1135.0,rs
22226.56597465121,136,22287.884588607598,1140.0,rs
22226.56597465121,137,29647.9069808978,1145.0,rs
22226.56597465121,138,28196.4059742097,1155.0,rs
22226.56597465121,139,29014.21335866468,1165.0,rs
22226.56597465121,140,32694.56022749292,1170.0,rs
22226.56597465121,141,28835.65582066105,1195.0,rs
22226.56597465121,142,28944.712400844764,1200.0,rs
22226.56597465121,143,29700.205090681968,1245.0,rs
22226.56597465121,144,28478.37145456148,1250.0,rs
22226.56597465121,145,34280.19318511828,1260.0,rs
22226.56597465121,146,37588.95097990688,1275.0,rs
22226.56597465121,147,27739.77430507752,1285.0,rs
22226.56597465121,148,29593.548136050533,1290.0,rs
22226.56597465121,149,31483.390761749786,1300.0,rs
22226.56597465121,150,23633.6579584742,1315.0,rs
22226.56597465121,151,30093.229679317286,1325.0,rs
22226.56597465121,152,29676.297582805884,1345.0,rs
22226.56597465121,153,29788.02525898592,1350.0,rs
19207.158793582315,154,19207.158793582315,1360.0,rs
19207.158793582315,155,29654.03985278218,1365.0,rs
19207.158793582315,156,63355.624974418024,1380.0,rs
19207.158793582315,157,31372.511168256035,1390.0,rs
19207.158793582315,158,45833.68511738546,1410.0,rs
19207.158793582315,159,30587.338413815152,1415.0,rs
19207.158793582315,160,53618.16489284441,1425.0,rs
19207.158793582315,161,27065.520985559604,1430.0,rs
19207.158793582315,162,32212.84842589198,1445.0,rs
19207.158793582315,163,28330.150088277584,1455.0,rs
19207.158793582315,164,22043.58985913485,1460.0,rs
19207.158793582315,165,39602.76188650767,1465.0,rs
19207.158793582315,166,26364.81273099816,1470.0,rs
19207.158793582315,167,32350.43089432055,1485.0,rs
19207.158793582315,168,29767.85193656645,1490.0,rs
19207.158793582315,169,30696.938883583487,1510.0,rs
19207.158793582315,170,31725.510335099967,1515.0,rs
19207.158793582315,171,25955.74502515576,1520.0,rs
19207.158793582315,172,26363.596196126942,1535.0,rs
19207.158793582315,173,43923.56251758481,1545.0,rs
19207.158793582315,174,28433.512874554883,1550.0,rs
19207.158793582315,175,27000.11709083381,1580.0,rs
19207.158793582315,176,30776.512560836978,1585.0,rs
19207.158793582315,177,29541.87275060208,1610.0,rs
19207.158793582315,178,31169.42701596864,1615.0,rs
19207.158793582315,179,25764.637863874887,1625.0,rs
19207.158793582315,180,31821.37068133972,1635.0,rs
19207.158793582315,181,30989.145204412,1645.0,rs
19207.158793582315,182,29851.484897070317,1650.0,rs
19207.158793582315,183,28559.766729724663,1670.0,rs
19207.158793582315,184,30380.47953310712,1690.0,rs
19207.158793582315,185,28835.481237621603,1700.0,rs
19207.158793582315,186,29931.922299426144,1710.0,rs
19207.158793582315,187,30531.909992673085,1720.0,rs
19207.158793582315,188,25764.095560747184,1730.0,rs
19207.158793582315,189,33919.361623255514,1740.0,rs
19207.158793582315,190,37278.14083116314,1745.0,rs
19207.158793582315,191,30007.076149695327,1755.0,rs
19207.158793582315,192,27468.840354197782,1765.0,rs
19207.158793582315,193,30405.369171482314,1780.0,rs
19207.158793582315,194,27658.638108411138,1800.0,rs
19207.158793582315,195,26437.874089836376,1800.0,rs
19207.158793582315,196,26751.32112560495,1810.0,rs
19207.158793582315,197,25609.069497026227,1825.0,rs
19207.158793582315,198,28716.124386412706,1835.0,rs
19207.158793582315,199,26555.583380131535,1840.0,rs
19207.158793582315,200,27044.9746260326,1850.0,rs
28691.77716521634,1,28691.77716521634,5.0,tpe
28691.77716521634,2,29818.559511558018,10.0,tpe
28691.77716521634,3,29053.41136247948,15.0,tpe
27859.373319471808,4,27859.373319471808,20.0,tpe
27859.373319471808,5,30244.90704986437,25.0,tpe
27859.373319471808,6,37097.589775733184,30.0,tpe
27859.373319471808,7,28190.543316322906,35.0,tpe
27859.373319471808,8,28044.91733181634,40.0,tpe
27859.373319471808,9,29333.971403962365,45.0,tpe
27859.373319471808,10,31652.915495506502,50.0,tpe
27859.373319471808,11,33199.8538898953,55.0,tpe
25184.058146248208,12,25184.058146248208,60.0,tpe
25184.058146248208,13,34321.423066266456,70.0,tpe
25184.058146248208,14,33526.47990333419,80.0,tpe
25184.058146248208,15,27827.93739560651,85.0,tpe
25184.058146248208,16,38145.73528668355,95.0,tpe
25184.058146248208,17,27854.71210996252,100.0,tpe
25184.058146248208,18,30192.571255633444,110.0,tpe
24795.598638729924,19,24795.598638729924,110.0,tpe
24795.598638729924,20,29520.772750932643,120.0,tpe
24795.598638729924,21,28058.81693184718,125.0,tpe
23067.390085147887,22,23067.390085147887,130.0,tpe
22679.171038772874,23,22679.171038772874,135.0,tpe
22679.171038772874,24,24370.084383508343,135.0,tpe
22679.171038772874,25,24853.968710081743,140.0,tpe
21243.760533250683,26,21243.760533250683,145.0,tpe
19870.162662412964,27,19870.162662412964,145.0,tpe
18694.19519728099,28,18694.19519728099,150.0,tpe
18694.19519728099,29,26049.542244330485,155.0,tpe
18694.19519728099,30,26825.24761109145,155.0,tpe
18694.19519728099,31,27743.01776256393,160.0,tpe
18694.19519728099,32,23775.412736060327,165.0,tpe
18694.19519728099,33,30875.16874302725,170.0,tpe
18694.19519728099,34,27694.918161310787,170.0,tpe
18694.19519728099,35,30767.311529787872,175.0,tpe
18694.19519728099,36,30442.84013840448,180.0,tpe
18694.19519728099,37,24157.194487465786,185.0,tpe
18694.19519728099,38,27596.44811319679,190.0,tpe
18694.19519728099,39,32556.25540246543,195.0,tpe
18694.19519728099,40,29754.665923124307,200.0,tpe
18694.19519728099,41,27380.1937002193,220.0,tpe
18694.19519728099,42,29639.62208815012,225.0,tpe
18694.19519728099,43,33399.410014012166,230.0,tpe
18694.19519728099,44,24565.149197416933,230.0,tpe
18694.19519728099,45,28784.529575019213,240.0,tpe
18694.19519728099,46,26927.910728511826,245.0,tpe
18694.19519728099,47,30053.833563588185,250.0,tpe
18694.19519728099,48,34422.16839689429,255.0,tpe
18694.19519728099,49,27703.602475196567,260.0,tpe
18694.19519728099,50,32497.563646028124,265.0,tpe
18694.19519728099,51,33389.27829710578,270.0,tpe
18694.19519728099,52,28482.068009739283,275.0,tpe
18694.19519728099,53,24836.465305438807,280.0,tpe
18694.19519728099,54,26512.02804424912,280.0,tpe
18694.19519728099,55,28819.733212570263,290.0,tpe
18694.19519728099,56,27448.831117151556,295.0,tpe
18694.19519728099,57,24849.527303837982,300.0,tpe
18694.19519728099,58,21474.072726259816,305.0,tpe
18694.19519728099,59,32109.776997385,310.0,tpe
18694.19519728099,60,22858.004883977144,310.0,tpe
18694.19519728099,61,32606.122190528862,315.0,tpe
18694.19519728099,62,31000.666296585518,320.0,tpe
18694.19519728099,63,31148.557696902866,325.0,tpe
18694.19519728099,64,31130.938802627734,330.0,tpe
18694.19519728099,65,29192.573927469337,335.0,tpe
18694.19519728099,66,22008.39305681437,335.0,tpe
18694.19519728099,67,22421.61291991476,340.0,tpe
18694.19519728099,68,23319.27116030395,345.0,tpe
18694.19519728099,69,25969.463653500767,345.0,tpe
18694.19519728099,70,21396.264722356027,350.0,tpe
18694.19519728099,71,26358.000793875366,355.0,tpe
18694.19519728099,72,23499.73621465489,360.0,tpe
18694.19519728099,73,26023.287355409047,360.0,tpe
18694.19519728099,74,27743.142094886578,365.0,tpe
18694.19519728099,75,21584.413429100776,370.0,tpe
18694.19519728099,76,26462.81411245658,370.0,tpe
18694.19519728099,77,26822.192712864427,375.0,tpe
18694.19519728099,78,24683.67846727808,380.0,tpe
18694.19519728099,79,24106.73399026585,385.0,tpe
18694.19519728099,80,26525.730767723242,390.0,tpe
18694.19519728099,81,24762.698945899923,395.0,tpe
18694.19519728099,82,30594.619069575936,400.0,tpe
18694.19519728099,83,33901.16226844768,405.0,tpe
18694.19519728099,84,27629.11376768876,410.0,tpe
18694.19519728099,85,33882.016123465764,415.0,tpe
18694.19519728099,86,25316.827192825323,420.0,tpe
18694.19519728099,87,26975.974045815616,420.0,tpe
18694.19519728099,88,28135.63136917681,425.0,tpe
18694.19519728099,89,29141.0779713412,430.0,tpe
18694.19519728099,90,23182.29032259363,435.0,tpe
18694.19519728099,91,23458.11799999724,435.0,tpe
18694.19519728099,92,32404.163661050425,440.0,tpe
18694.19519728099,93,23498.132716788907,445.0,tpe
18694.19519728099,94,27740.008815197158,450.0,tpe
18694.19519728099,95,31808.996098219744,455.0,tpe
18694.19519728099,96,28711.23690416392,455.0,tpe
18694.19519728099,97,26228.327162004687,460.0,tpe
18694.19519728099,98,30908.138230183482,470.0,tpe
18694.19519728099,99,29799.42070002848,475.0,tpe
18694.19519728099,100,23687.403844237047,475.0,tpe
18694.19519728099,101,25980.030210592453,480.0,tpe
18694.19519728099,102,27224.147576753872,485.0,tpe
18694.19519728099,103,35751.844098076515,495.0,tpe
18694.19519728099,104,23181.616106903846,500.0,tpe
18694.19519728099,105,23180.881156607982,505.0,tpe
18694.19519728099,106,26281.708861914303,505.0,tpe
18694.19519728099,107,32306.17311037545,510.0,tpe
18694.19519728099,108,31388.884207972143,515.0,tpe
18694.19519728099,109,26507.110705922783,520.0,tpe
18694.19519728099,110,25873.685586510368,525.0,tpe
18694.19519728099,111,25836.0078514818,530.0,tpe
18694.19519728099,112,28781.219864855277,535.0,tpe
18694.19519728099,113,26810.503713208418,540.0,tpe
18694.19519728099,114,25536.839713415342,540.0,tpe
18694.19519728099,115,22135.73412731642,545.0,tpe
18694.19519728099,116,32268.440168763213,550.0,tpe
18694.19519728099,117,28027.45425772122,555.0,tpe
18694.19519728099,118,33388.8186754015,560.0,tpe
18694.19519728099,119,31265.004792211417,565.0,tpe
18694.19519728099,120,27612.90472471772,565.0,tpe
18694.19519728099,121,29315.18464383777,570.0,tpe
18694.19519728099,122,32452.32936298873,575.0,tpe
18694.19519728099,123,23274.903859707192,580.0,tpe
18694.19519728099,124,25907.054950798683,585.0,tpe
18694.19519728099,125,25092.772380738545,590.0,tpe
18694.19519728099,126,25905.829063724424,595.0,tpe
18694.19519728099,127,26256.5710447622,595.0,tpe
18694.19519728099,128,30150.515857615297,600.0,tpe
18694.19519728099,129,33837.27671671857,605.0,tpe
18694.19519728099,130,33827.450324469646,610.0,tpe
18694.19519728099,131,31455.73100467861,620.0,tpe
18694.19519728099,132,21167.81756923224,625.0,tpe
18694.19519728099,133,27785.599951610162,635.0,tpe
18694.19519728099,134,28591.32418258241,640.0,tpe
18694.19519728099,135,30614.132329171847,645.0,tpe
18694.19519728099,136,25152.936137591958,650.0,tpe
18694.19519728099,137,27365.45949673294,655.0,tpe
18694.19519728099,138,28677.914749308453,660.0,tpe
18694.19519728099,139,30009.184693192383,670.0,tpe
18694.19519728099,140,21399.782063484865,670.0,tpe
18694.19519728099,141,24713.07266503105,680.0,tpe
18694.19519728099,142,27207.53855023661,690.0,tpe
18694.19519728099,143,26002.13662059245,690.0,tpe
18694.19519728099,144,29648.49271183962,700.0,tpe
18694.19519728099,145,25551.133995531567,705.0,tpe
18694.19519728099,146,21476.406092238944,705.0,tpe
18694.19519728099,147,24717.85549468172,710.0,tpe
18694.19519728099,148,25075.7383618309,715.0,tpe
18694.19519728099,149,24066.40349093229,715.0,tpe
18694.19519728099,150,25791.534750630148,720.0,tpe
18694.19519728099,151,24217.379714793242,725.0,tpe
18694.19519728099,152,24156.900360079824,730.0,tpe
18694.19519728099,153,22000.905277034257,730.0,tpe
18694.19519728099,154,26047.213299078725,740.0,tpe
18694.19519728099,155,23448.68338746523,745.0,tpe
18694.19519728099,156,21895.533068983892,745.0,tpe
18694.19519728099,157,26225.49934189421,750.0,tpe
18694.19519728099,158,23236.08681218417,755.0,tpe
18694.19519728099,159,28684.40043461183,760.0,tpe
18694.19519728099,160,26220.433818705707,765.0,tpe
18694.19519728099,161,20358.65207112118,770.0,tpe
18694.19519728099,162,22858.004883977144,770.0,tpe
18694.19519728099,163,29032.305163883248,775.0,tpe
18694.19519728099,164,22469.14464928826,780.0,tpe
18694.19519728099,165,29588.86099875368,785.0,tpe
18694.19519728099,166,31763.347904996674,790.0,tpe
18694.19519728099,167,22967.467121336005,790.0,tpe
18694.19519728099,168,22848.477375597104,795.0,tpe
18694.19519728099,169,27927.33163690522,800.0,tpe
18694.19519728099,170,38747.08880521842,810.0,tpe
18694.19519728099,171,26337.212219040834,810.0,tpe
18694.19519728099,172,25553.633960351075,815.0,tpe
18694.19519728099,173,28617.118869003883,820.0,tpe
18694.19519728099,174,28022.548582261094,825.0,tpe
18694.19519728099,175,24621.335861482632,830.0,tpe
18694.19519728099,176,25741.19869803954,830.0,tpe
18694.19519728099,177,24303.403783020298,835.0,tpe
18694.19519728099,178,26581.96127519477,840.0,tpe
18694.19519728099,179,21513.547832701788,845.0,tpe
18694.19519728099,180,24898.422215231,850.0,tpe
18694.19519728099,181,23338.62643377981,850.0,tpe
18694.19519728099,182,30548.817575703488,855.0,tpe
18694.19519728099,183,32004.242728728925,860.0,tpe
18694.19519728099,184,27460.831941488206,865.0,tpe
18694.19519728099,185,25385.67161666475,870.0,tpe
18694.19519728099,186,24205.98329468196,875.0,tpe
18694.19519728099,187,26839.690858239046,880.0,tpe
18694.19519728099,188,32206.022770422875,885.0,tpe
18694.19519728099,189,23624.840022694327,890.0,tpe
18694.19519728099,190,27560.63100018353,895.0,tpe
18694.19519728099,191,33764.72286347103,900.0,tpe
18694.19519728099,192,22593.4029392892,905.0,tpe
18694.19519728099,193,24476.847704274664,905.0,tpe
18694.19519728099,194,32607.754527232555,910.0,tpe
18694.19519728099,195,27527.168795938862,915.0,tpe
18694.19519728099,196,30725.16318094144,920.0,tpe
18694.19519728099,197,27032.664443046644,920.0,tpe
18694.19519728099,198,32861.846135009066,925.0,tpe
18694.19519728099,199,29573.90609086589,935.0,tpe
18694.19519728099,200,28763.56664150684,935.0,tpe
85726.85645019423,1,85726.85645019423,15.0,gs
31648.84457564603,2,31648.84457564603,20.0,gs
29075.33209102564,3,29075.33209102564,30.0,gs
28450.128452302066,4,28450.128452302066,35.0,gs
28450.128452302066,5,37264.87938230475,40.0,gs
28450.128452302066,6,37264.96898449887,50.0,gs
28450.128452302066,7,29812.208864697124,60.0,gs
28450.128452302066,8,30825.45753234533,70.0,gs
28450.128452302066,9,34331.31096235696,75.0,gs
28450.128452302066,10,30821.700192676795,85.0,gs
28450.128452302066,11,30109.9985937442,95.0,gs
28450.126826263593,12,28450.126826263593,110.0,gs
28450.126826263593,13,28550.790711906964,125.0,gs
28450.126826263593,14,28602.500226506312,130.0,gs
28450.126826263593,15,32327.923705825186,135.0,gs
28450.126826263593,16,33270.769121637946,145.0,gs
28450.126826263593,17,32787.6715569102,165.0,gs
28450.126826263593,18,31623.081328145567,175.0,gs
28450.126826263593,19,30287.716841049303,185.0,gs
28450.126826263593,20,31864.144409036802,200.0,gs
28450.126826263593,21,30196.948888731626,215.0,gs
23843.186442746857,22,23843.186442746857,245.0,gs
23843.186442746857,23,30222.940405662623,255.0,gs
23843.186442746857,24,31069.632172405392,270.0,gs
23843.186442746857,25,28697.48140242315,280.0,gs
23843.186442746857,26,27131.85916920747,290.0,gs
23843.186442746857,27,32074.435784179994,305.0,gs
23843.186442746857,28,28885.986378560894,315.0,gs
23843.186442746857,29,35857.657277765466,330.0,gs
23843.186442746857,30,28071.53713063076,335.0,gs
23843.186442746857,31,28638.120920373512,345.0,gs
23843.186442746857,32,29506.453876772797,360.0,gs
23843.186442746857,33,31253.759433566425,370.0,gs
23843.186442746857,34,30574.898300356264,380.0,gs
23843.186442746857,35,41408.56709011753,385.0,gs
23843.186442746857,36,29489.0541603868,395.0,gs
23843.186442746857,37,28623.139541192406,400.0,gs
23843.186442746857,38,32188.648282228067,415.0,gs
23843.186442746857,39,28442.59698106076,425.0,gs
23843.186442746857,40,26429.36495010145,430.0,gs
23843.186442746857,41,30784.79333726402,450.0,gs
23843.186442746857,42,29834.95653025972,460.0,gs
22330.583058523374,43,22330.583058523374,470.0,gs
22330.583058523374,44,42292.87638266614,475.0,gs
22330.583058523374,45,58426.959610922764,490.0,gs
22330.583058523374,46,30552.875513787072,500.0,gs
22330.583058523374,47,31508.756543816544,515.0,gs
22330.583058523374,48,28433.223875394648,525.0,gs
22330.583058523374,49,26645.10624816252,535.0,gs
22330.583058523374,50,30369.134512531964,555.0,gs
22330.583058523374,51,32942.20711865511,565.0,gs
22330.583058523374,52,30784.891202885767,575.0,gs
22330.583058523374,53,31274.260522718112,585.0,gs
22330.583058523374,54,27936.20424240665,600.0,gs
22330.583058523374,55,30339.861570522484,615.0,gs
22330.583058523374,56,26083.044533467706,630.0,gs
22330.583058523374,57,30147.724004295567,645.0,gs
22330.583058523374,58,30584.601355193085,660.0,gs
22330.583058523374,59,29470.498353566432,680.0,gs
22330.583058523374,60,28081.990261742314,695.0,gs
20711.53267831776,61,20711.53267831776,705.0,gs
20711.53267831776,62,34506.9371408846,715.0,gs
20711.53267831776,63,28758.724752120143,730.0,gs
20711.53267831776,64,33306.37228265571,750.0,gs
20711.53267831776,65,28519.408859585215,770.0,gs
20711.53267831776,66,25262.23117486722,790.0,gs
20711.53267831776,67,31418.437685447163,820.0,gs
20711.53267831776,68,30311.44012938056,830.0,gs
20711.53267831776,69,28846.10244655705,845.0,gs
20711.53267831776,70,31830.271406007945,860.0,gs
20711.53267831776,71,31987.388664250277,870.0,gs
20711.53267831776,72,25599.534209456742,885.0,gs
20711.53267831776,73,29065.730492268463,905.0,gs
20711.53267831776,74,29291.215012297587,920.0,gs
20711.53267831776,75,28467.6196819406,930.0,gs
20711.53267831776,76,25267.765107807012,950.0,gs
20711.53267831776,77,30727.64354133377,980.0,gs
20711.53267831776,78,31658.719774870508,990.0,gs
20711.53267831776,79,32320.72640240712,1005.0,gs
20711.53267831776,80,32071.169815179004,1015.0,gs
20711.53267831776,81,25393.29511418833,1025.0,gs
20711.53267831776,82,49197.57362278394,1045.0,gs
20711.53267831776,83,27012.107239552828,1065.0,gs
20711.53267831776,84,27643.790019519707,1075.0,gs
20711.53267831776,85,33747.54168246239,1085.0,gs
20711.53267831776,86,27062.008730673042,1095.0,gs
20711.53267831776,87,62344.10058646194,1110.0,gs
20711.53267831776,88,31767.578204965062,1125.0,gs
20711.53267831776,89,28767.923755249096,1150.0,gs
20711.53267831776,90,38263.53186326932,1160.0,gs
20711.53267831776,91,27862.493579788046,1175.0,gs
20711.53267831776,92,31656.731227939024,1195.0,gs
20711.53267831776,93,29168.375169093037,1215.0,gs
20711.53267831776,94,27557.64819532968,1235.0,gs
20711.53267831776,95,29378.892843440604,1250.0,gs
20711.53267831776,96,27868.346740833374,1275.0,gs
20711.53267831776,97,30497.716796507142,1290.0,gs
20711.53267831776,98,38478.5160301526,1305.0,gs
20711.53267831776,99,40929.117489803226,1325.0,gs
20711.53267831776,100,31787.768581878725,1350.0,gs
20711.53267831776,101,32945.223851812865,1370.0,gs
20711.53267831776,102,31051.61258562713,1385.0,gs
20711.53267831776,103,45860.556226609646,1410.0,gs
20711.53267831776,104,30399.595948901693,1430.0,gs
20711.53267831776,105,31894.28402477154,1455.0,gs
20711.53267831776,106,36585.71658982476,1465.0,gs
20711.53267831776,107,26613.946088661338,1485.0,gs
20711.53267831776,108,26761.72015232874,1500.0,gs
20711.53267831776,109,28463.80903827247,1520.0,gs
20711.53267831776,110,25362.507391356925,1540.0,gs
20711.53267831776,111,30189.551079778663,1565.0,gs
20711.53267831776,112,42182.773017241125,1585.0,gs
20711.53267831776,113,31480.133465218438,1605.0,gs
20711.53267831776,114,22260.37323268353,1620.0,gs
20711.53267831776,115,27582.4655847263,1640.0,gs
20711.53267831776,116,42591.78488575569,1670.0,gs
20711.53267831776,117,31582.009273142165,1680.0,gs
20711.53267831776,118,33514.17596053987,1695.0,gs
20711.53267831776,119,31792.63350679505,1720.0,gs
20711.53267831776,120,28595.83997862605,1745.0,gs
20711.53267831776,121,25866.996682188532,1760.0,gs
20711.53267831776,122,24656.012171908398,1775.0,gs
20711.53267831776,123,29243.030369745367,1805.0,gs
20711.53267831776,124,42641.9574787637,1820.0,gs
20711.53267831776,125,30981.655218724838,1845.0,gs
20711.53267831776,126,29605.330498224444,1870.0,gs
20711.53267831776,127,31700.68073360368,1890.0,gs
20711.53267831776,128,25840.46876129893,1910.0,gs
20711.53267831776,129,31179.855311056563,1920.0,gs
20711.53267831776,130,29826.661224810552,1935.0,gs
20711.53267831776,131,29742.78782623096,1950.0,gs
20711.53267831776,132,22934.893216598823,1965.0,gs
20711.53267831776,133,32885.872301032185,1970.0,gs
20711.53267831776,134,29829.818085727886,1980.0,gs
20711.53267831776,135,25664.497399775395,1985.0,gs
20711.53267831776,136,31276.70298546084,2000.0,gs
20711.53267831776,137,31135.220099458627,2005.0,gs
20711.53267831776,138,25676.87409747149,2020.0,gs
20711.53267831776,139,58776.14693107687,2030.0,gs
20711.53267831776,140,30664.918723262814,2040.0,gs
20711.53267831776,141,30258.613249999496,2065.0,gs
20711.53267831776,142,24480.30610815132,2070.0,gs
20711.53267831776,143,25433.722175783765,2080.0,gs
20711.53267831776,144,32225.75525511325,2085.0,gs
20711.53267831776,145,25577.871853366927,2095.0,gs
20711.53267831776,146,39198.55992148588,2115.0,gs
20711.53267831776,147,29123.649984695767,2125.0,gs
20711.53267831776,148,28539.817024327123,2130.0,gs
20711.53267831776,149,71506.39458938965,2140.0,gs
20711.53267831776,150,42409.21430886542,2165.0,gs
20711.53267831776,151,30733.909006634272,2195.0,gs
20711.53267831776,152,31960.602186270204,2205.0,gs
20711.53267831776,153,38761.42566033703,2225.0,gs
20711.53267831776,154,42222.82044784482,2250.0,gs
20711.53267831776,155,33722.342159406915,2270.0,gs
20711.53267831776,156,29928.137520168446,2290.0,gs
20711.53267831776,157,29587.549669244865,2305.0,gs
20711.53267831776,158,35043.50232106769,2315.0,gs
20711.53267831776,159,30048.355589868617,2330.0,gs
20711.53267831776,160,28670.327252945517,2340.0,gs
20711.53267831776,161,27755.374571098197,2350.0,gs
20711.53267831776,162,33093.64444846734,2360.0,gs
20711.53267831776,163,29942.623936593198,2385.0,gs
20711.53267831776,164,30768.795111881263,2395.0,gs
20711.53267831776,165,28876.234232808423,2410.0,gs
20711.53267831776,166,30229.366062230478,2420.0,gs
20711.53267831776,167,27708.769999742308,2440.0,gs
20711.53267831776,168,30717.554623762167,2455.0,gs
20711.53267831776,169,29022.54701561561,2470.0,gs
20711.53267831776,170,27720.284756207697,2495.0,gs
20711.53267831776,171,25797.04675359246,2505.0,gs
20711.53267831776,172,30650.552479899736,2535.0,gs
20711.53267831776,173,31940.0051954049,2550.0,gs
20711.53267831776,174,31502.998982014684,2570.0,gs
20711.53267831776,175,65667.02499871861,2585.0,gs
20711.53267831776,176,30794.882330768618,2595.0,gs
20711.53267831776,177,31667.213020956515,2605.0,gs
20711.53267831776,178,23394.38899628753,2610.0,gs
20711.53267831776,179,29352.49585027449,2620.0,gs
20711.53267831776,180,28423.694801378067,2645.0,gs
20711.53267831776,181,28903.167163355454,2655.0,gs
20711.53267831776,182,56495.55895142503,2670.0,gs
20711.53267831776,183,26675.63431057339,2680.0,gs
20711.53267831776,184,31166.648136439886,2690.0,gs
20711.53267831776,185,34845.507956796275,2705.0,gs
20711.53267831776,186,33311.179376193366,2720.0,gs
20711.53267831776,187,25267.150758237032,2750.0,gs
20711.53267831776,188,31252.513114860278,2760.0,gs
20711.53267831776,189,31223.40759975678,2790.0,gs
20711.53267831776,190,30123.27048316477,2800.0,gs
20711.53267831776,191,27313.42198830925,2815.0,gs
20711.53267831776,192,31944.86176035291,2830.0,gs
20711.53267831776,193,32911.56268493584,2840.0,gs
20711.53267831776,194,28366.494237070612,2855.0,gs
20711.53267831776,195,26199.742524953163,2865.0,gs
20711.53267831776,196,30843.146905010355,2880.0,gs
20711.53267831776,197,30682.75589074209,2905.0,gs
20711.53267831776,198,27884.822978772503,2920.0,gs
20711.53267831776,199,27857.34900066163,2930.0,gs
20711.53267831776,200,60295.720851322665,2955.0,gs
30589.619210647554,1,30589.619210647554,5.0,hyperband
27759.523397953937,2,27759.523397953937,10.0,hyperband
27759.523397953937,3,30087.500269719327,20.0,hyperband
27759.523397953937,4,30271.424206023188,30.0,hyperband
27759.523397953937,5,30276.920520289947,35.0,hyperband
27759.523397953937,6,31980.80860493161,40.0,hyperband
27759.523397953937,7,32271.495086440267,50.0,hyperband
27759.523397953937,8,31366.276696462406,55.0,hyperband
27759.523397953937,9,77645.62551992976,65.0,hyperband
27759.523397953937,10,32044.75492719853,70.0,hyperband
27759.523397953937,11,34052.756525384044,70.0,hyperband
27759.523397953937,12,31328.324466333263,75.0,hyperband
22487.12614227504,13,22487.12614227504,80.0,hyperband
22487.12614227504,14,29752.906882743773,85.0,hyperband
22487.12614227504,15,29548.07769144813,90.0,hyperband
22487.12614227504,16,31024.292879939752,100.0,hyperband
22487.12614227504,17,23335.97788170805,105.0,hyperband
22487.12614227504,18,36456.15271877529,110.0,hyperband
22487.12614227504,19,32290.224950075517,115.0,hyperband
22487.12614227504,20,30546.004856855718,125.0,hyperband
22487.12614227504,21,28852.731700485136,130.0,hyperband
22487.12614227504,22,31888.011207703268,135.0,hyperband
22487.12614227504,23,26997.956676813625,140.0,hyperband
22487.12614227504,24,24271.498189472983,145.0,hyperband
22487.12614227504,25,37392.32105210617,155.0,hyperband
22487.12614227504,26,57886.23663761767,160.0,hyperband
22487.12614227504,27,29105.481439020048,165.0,hyperband
22487.12614227504,28,27677.463642897706,170.0,hyperband
22487.12614227504,29,26143.215794410567,175.0,hyperband
18204.756741914032,30,18204.756741914032,175.0,hyperband
18204.756741914032,31,30379.356791567687,180.0,hyperband
18204.756741914032,32,30295.3833171799,180.0,hyperband
18204.756741914032,33,26671.675303978493,190.0,hyperband
18204.756741914032,34,30670.923560192867,195.0,hyperband
18204.756741914032,35,31499.387291103954,200.0,hyperband
18204.756741914032,36,31576.68961760056,205.0,hyperband
18204.756741914032,37,31727.24143684167,215.0,hyperband
18204.756741914032,38,30448.44695396241,220.0,hyperband
18204.756741914032,39,29387.72403729375,220.0,hyperband
18204.756741914032,40,27343.951480083488,230.0,hyperband
18204.756741914032,41,35722.433355531946,230.0,hyperband
18204.756741914032,42,30571.54258953001,235.0,hyperband
18204.756741914032,43,23771.09494427521,240.0,hyperband
18204.756741914032,44,23697.63002612487,245.0,hyperband
18204.756741914032,45,28764.220718009146,250.0,hyperband
18204.756741914032,46,28407.135001912822,255.0,hyperband
18204.756741914032,47,33418.66032571572,260.0,hyperband
18204.756741914032,48,34607.37025502016,265.0,hyperband
18204.756741914032,49,29871.99638205036,270.0,hyperband
18204.756741914032,50,34901.82072493514,275.0,hyperband
18204.756741914032,51,28762.540230565264,280.0,hyperband
18204.756741914032,52,27374.323188455386,285.0,hyperband
18204.756741914032,53,29472.68944360768,290.0,hyperband
18204.756741914032,54,28509.258425323813,295.0,hyperband
18204.756741914032,55,31191.05854957866,300.0,hyperband
18204.756741914032,56,26627.036555405284,305.0,hyperband
18204.756741914032,57,25701.343597195988,310.0,hyperband
18204.756741914032,58,40043.99000299277,320.0,hyperband
18204.756741914032,59,29536.7556564152,325.0,hyperband
18204.756741914032,60,28546.955918611075,335.0,hyperband
18204.756741914032,61,30471.474328681947,345.0,hyperband
18204.756741914032,62,22206.6347984563,360.0,hyperband
18204.756741914032,63,44144.04094383627,365.0,hyperband
18204.756741914032,64,28071.657378046766,370.0,hyperband
18204.756741914032,65,33613.046683324705,380.0,hyperband
18204.756741914032,66,30912.965328073868,385.0,hyperband
18204.756741914032,67,27787.967114789193,395.0,hyperband
18204.756741914032,68,30246.468399632213,400.0,hyperband
18204.756741914032,69,29611.06939991951,405.0,hyperband
18204.756741914032,70,29378.5825224154,410.0,hyperband
18204.756741914032,71,27752.081372887482,415.0,hyperband
18204.756741914032,72,28020.739804493285,425.0,hyperband
18204.756741914032,73,32552.239488503175,435.0,hyperband
18204.756741914032,74,33323.76692216542,440.0,hyperband
18204.756741914032,75,35182.76265719037,445.0,hyperband
18204.756741914032,76,32553.763548828872,455.0,hyperband
18204.756741914032,77,32351.053999722,460.0,hyperband
18204.756741914032,78,33463.33603305442,465.0,hyperband
18204.756741914032,79,29798.89594830358,470.0,hyperband
18204.756741914032,80,30231.17545792416,475.0,hyperband
18204.756741914032,81,29370.03035738016,480.0,hyperband
18204.756741914032,82,49119.543943178476,490.0,hyperband
18204.756741914032,83,29891.55818723112,495.0,hyperband
18204.756741914032,84,29227.83880170321,505.0,hyperband
18204.756741914032,85,32850.08158454754,510.0,hyperband
18204.756741914032,86,29195.029915870768,515.0,hyperband
18204.756741914032,87,39005.35111316808,515.0,hyperband
18204.756741914032,88,30567.384213017318,525.0,hyperband
18204.756741914032,89,31696.249761038467,535.0,hyperband
18204.756741914032,90,26392.3540775782,545.0,hyperband
18204.756741914032,91,30761.29330108666,550.0,hyperband
18204.756741914032,92,26862.163083776377,555.0,hyperband
18204.756741914032,93,29996.54067120166,565.0,hyperband
18204.756741914032,94,31017.641364696163,570.0,hyperband
18204.756741914032,95,28076.24208380752,580.0,hyperband
18204.756741914032,96,22041.963972341757,580.0,hyperband
18204.756741914032,97,26287.73513421207,590.0,hyperband
18204.756741914032,98,29474.404293159503,615.0,hyperband
18204.756741914032,99,31820.683967175766,620.0,hyperband
18204.756741914032,100,30703.607456705387,630.0,hyperband
18204.756741914032,101,28205.80509129378,635.0,hyperband
18204.756741914032,102,25466.84273917062,635.0,hyperband
18204.756741914032,103,30623.319794589424,640.0,hyperband
18204.756741914032,104,29546.80637499225,645.0,hyperband
18204.756741914032,105,24861.15413344519,650.0,hyperband
18204.756741914032,106,31091.619515686478,655.0,hyperband
18204.756741914032,107,33915.07006509357,660.0,hyperband
18204.756741914032,108,25345.94840019336,665.0,hyperband
18204.756741914032,109,31960.867537090333,665.0,hyperband
18204.756741914032,110,22304.390552432964,670.0,hyperband
18204.756741914032,111,27722.420618953864,675.0,hyperband
18204.756741914032,112,30835.841469983614,685.0,hyperband
18204.756741914032,113,32583.940595368887,690.0,hyperband
18204.756741914032,114,30521.89710489668,695.0,hyperband
18204.756741914032,115,30892.134410970863,700.0,hyperband
18204.756741914032,116,31113.319329128237,705.0,hyperband
18204.756741914032,117,32130.147868869164,710.0,hyperband
18204.756741914032,118,25667.0750782124,715.0,hyperband
18204.756741914032,119,51410.64729414267,720.0,hyperband
18204.756741914032,120,31087.297007913472,725.0,hyperband
18204.756741914032,121,31716.735518511538,730.0,hyperband
18204.756741914032,122,30657.265662839516,735.0,hyperband
18204.756741914032,123,24199.494514786402,740.0,hyperband
18204.756741914032,124,29857.455599531466,745.0,hyperband
18204.756741914032,125,29264.604863699493,755.0,hyperband
18204.756741914032,126,31941.547703393644,760.0,hyperband
18204.756741914032,127,31668.074485604433,770.0,hyperband
18204.756741914032,128,26122.17660112775,775.0,hyperband
18204.756741914032,129,26306.85216217469,775.0,hyperband
18204.756741914032,130,31136.276064094815,790.0,hyperband
18204.756741914032,131,36332.40499777915,800.0,hyperband
18204.756741914032,132,30681.787827587843,805.0,hyperband
18204.756741914032,133,28783.656163076,815.0,hyperband
18204.756741914032,134,27699.464063997817,825.0,hyperband
18204.756741914032,135,32122.783059942016,830.0,hyperband
18204.756741914032,136,30359.832913208862,835.0,hyperband
18204.756741914032,137,37981.333990858366,840.0,hyperband
18204.756741914032,138,61127.79263014537,850.0,hyperband
18204.756741914032,139,29236.517169566163,855.0,hyperband
18204.756741914032,140,30383.396411814127,860.0,hyperband
18204.756741914032,141,30461.354309650298,865.0,hyperband
18204.756741914032,142,23082.972983680866,870.0,hyperband
18204.756741914032,143,31540.080135398046,875.0,hyperband
18204.756741914032,144,31014.67507880328,880.0,hyperband
18204.756741914032,145,28392.378037143306,890.0,hyperband
18204.756741914032,146,27878.77378721793,895.0,hyperband
18204.756741914032,147,71610.19095166464,905.0,hyperband
18204.756741914032,148,31886.837792699458,905.0,hyperband
18204.756741914032,149,43803.53857980199,915.0,hyperband
18204.756741914032,150,29850.73945778113,915.0,hyperband
18204.756741914032,151,32163.28792205073,920.0,hyperband
18204.756741914032,152,29613.1109549274,925.0,hyperband
18204.756741914032,153,26850.392674359962,930.0,hyperband
18204.756741914032,154,30385.369165409877,935.0,hyperband
18204.756741914032,155,38853.862961817234,940.0,hyperband
18204.756741914032,156,31899.970974670254,945.0,hyperband
18204.756741914032,157,29780.148595132334,955.0,hyperband
18204.756741914032,158,34861.824970989066,960.0,hyperband
18204.756741914032,159,29594.32114866601,960.0,hyperband
18204.756741914032,160,36524.37951219716,965.0,hyperband
18204.756741914032,161,25886.947396465195,970.0,hyperband
18204.756741914032,162,31946.022967670873,975.0,hyperband
18204.756741914032,163,29578.64556198585,985.0,hyperband
18204.756741914032,164,28761.49142983353,995.0,hyperband
18204.756741914032,165,26556.773930466952,995.0,hyperband
18204.756741914032,166,29085.291696627217,1010.0,hyperband
18204.756741914032,167,39621.7743360982,1015.0,hyperband
18204.756741914032,168,33299.18100977637,1020.0,hyperband
18204.756741914032,169,27761.807029164458,1025.0,hyperband
18204.756741914032,170,30044.687305036885,1030.0,hyperband
18204.756741914032,171,31161.67277847125,1040.0,hyperband
18204.756741914032,172,26545.269124357445,1045.0,hyperband
18204.756741914032,173,32179.21875947948,1055.0,hyperband
18204.756741914032,174,27726.58517245991,1060.0,hyperband
18204.756741914032,175,22208.35190337929,1065.0,hyperband
18204.756741914032,176,35384.0925368969,1080.0,hyperband
18204.756741914032,177,37662.31372535647,1085.0,hyperband
18204.756741914032,178,28749.83603906569,1095.0,hyperband
18204.756741914032,179,29767.289545419062,1110.0,hyperband
18204.756741914032,180,31337.076657844562,1115.0,hyperband
18204.756741914032,181,29276.780973654793,1120.0,hyperband
18204.756741914032,182,24508.71822692751,1125.0,hyperband
18204.756741914032,183,29575.377014559745,1130.0,hyperband
18204.756741914032,184,30157.758612413243,1135.0,hyperband
18204.756741914032,185,29867.658481417515,1145.0,hyperband
18204.756741914032,186,31443.088055912685,1150.0,hyperband
18204.756741914032,187,32213.46682143335,1165.0,hyperband
18204.756741914032,188,29666.998621290484,1170.0,hyperband
18204.756741914032,189,34975.464804341995,1175.0,hyperband
18204.756741914032,190,31789.62963453544,1180.0,hyperband
18204.756741914032,191,28649.155473150866,1185.0,hyperband
18204.756741914032,192,24558.76216223585,1190.0,hyperband
18204.756741914032,193,30372.418435637028,1195.0,hyperband
18204.756741914032,194,28922.54824217041,1200.0,hyperband
18204.756741914032,195,32145.709120797084,1205.0,hyperband
18204.756741914032,196,37863.982097366905,1210.0,hyperband
18204.756741914032,197,27938.40214139417,1220.0,hyperband
18204.756741914032,198,31529.453577521603,1225.0,hyperband
18204.756741914032,199,30939.625597619422,1225.0,hyperband
18204.756741914032,200,29262.090487630176,1230.0,hyperband
